{
  "model_id": "yolo11s",
  "image": "000000000139.jpg",
  "outputs": {
    "bbox_0": {
      "shape": [
        1,
        4,
        80,
        80
      ],
      "finite": true,
      "min": 2.959141376379648e-09,
      "max": 10.324393272399902
    },
    "bbox_1": {
      "shape": [
        1,
        4,
        40,
        40
      ],
      "finite": true,
      "min": 0.00020995923841837794,
      "max": 8.171881675720215
    },
    "bbox_2": {
      "shape": [
        1,
        4,
        20,
        20
      ],
      "finite": true,
      "min": 0.001483988598920405,
      "max": 6.887744903564453
    },
    "class_logit_0": {
      "shape": [
        1,
        80,
        80,
        80
      ],
      "finite": true,
      "min": -110.10726165771484,
      "max": 32.657379150390625
    },
    "class_logit_1": {
      "shape": [
        1,
        80,
        40,
        40
      ],
      "finite": true,
      "min": -36.13747787475586,
      "max": 2.7931528091430664
    },
    "class_logit_2": {
      "shape": [
        1,
        80,
        20,
        20
      ],
      "finite": true,
      "min": -25.9370174407959,
      "max": 0.19838857650756836
    }
  },
  "status": "pass"
}
