{
  "model_id": "yolox_s",
  "image": "000000000139.jpg",
  "outputs": {
    "yolox_head_0": {
      "shape": [
        1,
        85,
        80,
        80
      ],
      "finite": true,
      "min": -1.835125207901001,
      "max": 3.3124265670776367
    },
    "yolox_head_1": {
      "shape": [
        1,
        85,
        40,
        40
      ],
      "finite": true,
      "min": -2.216886520385742,
      "max": 3.0838422775268555
    },
    "yolox_head_2": {
      "shape": [
        1,
        85,
        20,
        20
      ],
      "finite": true,
      "min": -1.651042103767395,
      "max": 3.0997796058654785
    }
  },
  "status": "pass"
}
