{
  "model_id": "yolo11s-seg",
  "image": "000000000139.jpg",
  "outputs": {
    "bbox_0": {
      "shape": [
        1,
        4,
        80,
        80
      ],
      "finite": true,
      "min": 0.0003691500751301646,
      "max": 11.745298385620117
    },
    "bbox_1": {
      "shape": [
        1,
        4,
        40,
        40
      ],
      "finite": true,
      "min": 0.011832998134195805,
      "max": 9.274365425109863
    },
    "bbox_2": {
      "shape": [
        1,
        4,
        20,
        20
      ],
      "finite": true,
      "min": 0.2652170956134796,
      "max": 9.262346267700195
    },
    "class_logit_0": {
      "shape": [
        1,
        80,
        80,
        80
      ],
      "finite": true,
      "min": -80.07442474365234,
      "max": 14.154973983764648
    },
    "class_logit_1": {
      "shape": [
        1,
        80,
        40,
        40
      ],
      "finite": true,
      "min": -55.24791717529297,
      "max": 5.253534317016602
    },
    "class_logit_2": {
      "shape": [
        1,
        80,
        20,
        20
      ],
      "finite": true,
      "min": -21.902862548828125,
      "max": 0.3178286552429199
    },
    "mask_coeff_0": {
      "shape": [
        1,
        32,
        80,
        80
      ],
      "finite": true,
      "min": -7.233283042907715,
      "max": 3.959542989730835
    },
    "mask_coeff_1": {
      "shape": [
        1,
        32,
        40,
        40
      ],
      "finite": true,
      "min": -5.408467769622803,
      "max": 3.0027523040771484
    },
    "mask_coeff_2": {
      "shape": [
        1,
        32,
        20,
        20
      ],
      "finite": true,
      "min": -3.3802425861358643,
      "max": 2.7458367347717285
    },
    "proto": {
      "shape": [
        1,
        32,
        160,
        160
      ],
      "finite": true,
      "min": -0.27846458554267883,
      "max": 39.27058410644531
    }
  },
  "status": "pass"
}
