{
  "model_id": "yolo26s-pose",
  "image": "000000000139.jpg",
  "outputs": {
    "bbox_0": {
      "shape": [
        1,
        4,
        80,
        80
      ],
      "finite": true,
      "min": -0.7278040647506714,
      "max": 18.298940658569336
    },
    "bbox_1": {
      "shape": [
        1,
        4,
        40,
        40
      ],
      "finite": true,
      "min": 0.14136552810668945,
      "max": 7.2800092697143555
    },
    "bbox_2": {
      "shape": [
        1,
        4,
        20,
        20
      ],
      "finite": true,
      "min": 0.4694110155105591,
      "max": 7.403717517852783
    },
    "class_logit_0": {
      "shape": [
        1,
        1,
        80,
        80
      ],
      "finite": true,
      "min": -190.86099243164062,
      "max": -2.1937255859375
    },
    "class_logit_1": {
      "shape": [
        1,
        1,
        40,
        40
      ],
      "finite": true,
      "min": -46.94173812866211,
      "max": -0.0018544197082519531
    },
    "class_logit_2": {
      "shape": [
        1,
        1,
        20,
        20
      ],
      "finite": true,
      "min": -73.17835998535156,
      "max": -1.8169097900390625
    },
    "kpt_0": {
      "shape": [
        1,
        51,
        80,
        80
      ],
      "finite": true,
      "min": -23.019126892089844,
      "max": 21.473331451416016
    },
    "kpt_1": {
      "shape": [
        1,
        51,
        40,
        40
      ],
      "finite": true,
      "min": -9.92691707611084,
      "max": 6.208322048187256
    },
    "kpt_2": {
      "shape": [
        1,
        51,
        20,
        20
      ],
      "finite": true,
      "min": -5.0734543800354,
      "max": 3.9900410175323486
    }
  },
  "status": "pass"
}
